language	diff	surp_initial	surp_final	surp_avg	length_avg	p_value	n_permutations
deu	-1.5913152385338256	3.5892599683531072	1.9979447298192816	2.999459396529265	5.535416666666666	0.0	100000
eng	-1.177720806430588	3.7231970952158666	2.5454762887852787	3.235701498215916	4.608064516129033	0.0	100000
nld	-1.4628675255283872	3.5655995085658203	2.102731983037433	2.990774717337615	4.782670454545454	0.0	100000
