language	diff	surp_initial	surp_final	surp_avg	length_avg	p_value	n_permutations
deu	-1.6734631483368863	4.456307638292414	2.782844489955528	3.8459567397360788	5.535416666666666	0.0	100000
eng	-1.4354359309421056	4.523384861922958	3.0879489309808523	3.948305309894969	4.608064516129033	0.0	100000
nld	-2.0160144570066176	4.804359856027771	2.7883453990211535	4.029635924283406	4.782670454545454	0.0	100000
