language	diff	surp_initial	surp_final	surp_avg	length_avg	p_value	n_permutations
deu	-1.3868428674760618	3.9834764855441565	2.5966336180680947	3.404726325089678	5.535416666666666	0.0	100000
eng	-1.2725643144386662	4.230626764454695	2.958062450016029	3.6618024902552935	4.608064516129033	0.0	100000
nld	-1.4433115812846302	4.054000315930918	2.610688734646288	3.4272939468955532	4.782670454545454	0.0	100000
