language	diff	surp_initial	surp_final	surp_avg	length_avg	p_value	n_permutations
deu	-0.40369835950120025	3.747567291083498	3.3438689315822976	3.636081435739182	5.535416666666666	0.0	100000
eng	0.21112094025781625	3.903960821922254	4.11508176218007	3.9594319967890836	4.608064516129033	0.00066	100000
nld	0.006480590638877182	3.6875964288476992	3.6940770194865764	3.7079278220191427	4.782670454545454	0.92082	100000
