language	diff	surp_initial	surp_final	surp_avg	length_avg	p_value	n_permutations
deu	0.2738733634158339	3.0790414126310126	3.3529147760468465	3.370171330389182	5.535416666666666	0.00019	100000
eng	1.0840924305612112	3.0395590029289354	4.123651433490147	3.6183050094907907	4.608064516129033	0.0	100000
nld	0.8106174176689871	2.886505172514503	3.69712259018349	3.397540958056263	4.782670454545454	0.0	100000
