language	diff	surp_initial	surp_final	surp_avg	length_avg	p_value	n_permutations
deu	-0.681350442989813	5.026854491473715	4.345504048483902	4.751056140767874	5.535416666666666	0.0	100000
eng	-0.0072183857715169	4.960216945853436	4.9529985600819195	4.968056703544219	4.608064516129033	0.87635	100000
nld	-0.5006945541128536	4.971109551236488	4.470414997123634	4.79175808336962	4.782670454545454	0.0	100000
