language	diff	surp_initial	surp_final	surp_avg	length_avg	p_value	n_permutations
deu	-1.269123189666956	5.268414238816737	3.999291049149781	4.743139048459394	5.535416666666666	0.0	100000
eng	-0.990294799049348	5.243813735536	4.253518936486652	4.84739848967201	4.608064516129033	0.0	100000
nld	-1.2573750786878395	5.2407560610071275	3.983380982319288	4.755508770219831	4.782670454545454	0.0	100000
