language	diff	surp_initial	surp_final	surp_avg	length_avg	p_value	n_permutations
deu	-0.43645606344618937	4.456084294472587	4.019628231026398	4.3643689471156035	5.535416666666666	0.0	100000
eng	0.25533022739741096	4.52326756895167	4.778597796349081	4.644544366552198	4.608064516129033	0.0	100000
nld	-0.5520080528673548	4.8042567090893336	4.252248656221979	4.620113590373328	4.782670454545454	0.0	100000
