language	diff	surp_initial	surp_final	surp_avg	length_avg	p_value	n_permutations
deu	-1.1190945102404037	3.9784329015774222	2.8593383913370185	3.516862316456735	5.535416666666666	0.0	100000
eng	-0.48653343524281567	4.224712940151959	3.7381795049091435	3.9658307673103814	4.608064516129033	0.0	100000
nld	-1.0173365722765366	4.048033500200307	3.0306969279237705	3.5819843321463996	4.782670454545454	0.0	100000
