language	diff	surp_initial	surp_final	surp_avg	length_avg	p_value	n_permutations
deu	-0.6955231643272417	3.5891144739750063	2.8935913096477646	3.3782668128233366	5.535416666666666	0.0	100000
eng	0.2315882389844579	3.7231600924719523	3.9547483314564102	3.812670200387129	4.608064516129033	0.00162	100000
nld	-0.34793420477993564	3.5649856692896624	3.217051464509727	3.438369763392249	4.782670454545454	0.0	100000
